id,publicUrl,r2Key,downloadUrl,status
"about-banner-readdy","https://photo.goldenyearsphoto.com/about/banner/secondary.webp","about/banner/secondary.webp","https://static.readdy.ai/image/a59c001a1bbea72997731a60711927db/692ed695728c78c95f37b9ffa5eeafbf.jpeg","pending"
"about-founder-portrait-webp","https://photo.goldenyearsphoto.com/about/founder/portrait.webp","about/founder/portrait.webp","https://2026readdy.goldennextai.com/06-about-founder-portrait-need-1/goldenyears-founder-story-portrait-taipei-001.jpg","pending"
"about-hero-banner-primary-webp","https://photo.goldenyearsphoto.com/about/hero/banner-primary.webp","about/hero/banner-primary.webp","https://2026readdy.goldennextai.com/05-about-page-hero-banner-need-2/goldenyears-studio-about-page-hero-banner-001.jpg","pending"
"blog-hero-main-webp","https://photo.goldenyearsphoto.com/blog/hero/main.webp","blog/hero/main.webp","https://2026readdy.goldennextai.com/32-blog-journal-hero-need-1/goldenyears-studio-blog-journal-hero-taipei-001.jpg","pending"
"booking-hero-main-webp","https://photo.goldenyearsphoto.com/booking/hero/main.webp","booking/hero/main.webp","https://2026readdy.goldennextai.com/34-online-booking-hero-need-1/goldenyears-taipei-online-booking-hero-001.jpg","pending"
"store-gongguan","https://photo.goldenyearsphoto.com/booking/stores/gongguan.webp","booking/stores/gongguan.webp","https://res.cloudinary.com/dkpkni7ve/image/upload/v1779409424/%E5%A5%BD%E6%99%82%E6%9C%89%E5%BD%B1%E5%85%AC%E9%A4%A8%E5%BA%97_lciveh.jpg","pending"
"store-zhongshan","https://photo.goldenyearsphoto.com/booking/stores/zhongshan.webp","booking/stores/zhongshan.webp","https://res.cloudinary.com/dkpkni7ve/image/upload/v1779409424/%E5%A5%BD%E6%99%82%E6%9C%89%E5%BD%B1%E4%B8%AD%E5%B1%B1%E5%BA%97_fpymsf.jpg","pending"
"brand-logo-header","https://photo.goldenyearsphoto.com/brand/logo-header.webp","brand/logo-header.webp","https://storage.readdy-site.link/project_files/837246a8-cef0-4cee-9ec0-8c040e316fc2/de8fcc45-8ee7-4674-8d6b-186e029f15ce_logo.jpg","pending"
"brand-og-social-webp","https://photo.goldenyearsphoto.com/brand/og-social.webp","brand/og-social.webp","https://2026readdy.goldennextai.com/00-goldenyears-brand-logo-social-need-2/goldenyears-studio-taipei-brand-logo-og-image-001.jpg","pending"
"courses-workshop-hero-webp","https://photo.goldenyearsphoto.com/courses/workshop/hero.webp","courses/workshop/hero.webp","https://2026readdy.goldennextai.com/12-pricing-photo-workshop-need-1/goldenyears-photography-workshop-pricing-taipei-001.jpg","pending"
"courses-workshop-home-feature-webp","https://photo.goldenyearsphoto.com/courses/workshop/home-feature.webp","courses/workshop/home-feature.webp","https://2026readdy.goldennextai.com/courses/1778421866612_goldenyears-photography-workshop-pricing-taipei-003.jpg","pending"
"courses-workshop-promo-webp","https://photo.goldenyearsphoto.com/courses/workshop/promo.webp","courses/workshop/promo.webp","https://2026readdy.goldennextai.com/courses/1778421865758_goldenyears-photography-workshop-pricing-taipei-001.jpg","pending"
"hair-makeup-hero-main-webp","https://photo.goldenyearsphoto.com/hair-makeup/hero/main.webp","hair-makeup/hero/main.webp","https://2026readdy.goldennextai.com/28-hair-makeup-service-plans-need-5/taipei-studio-makeup-service-packages-007.jpg","pending"
"hair-makeup-plans-package-001-webp","https://photo.goldenyearsphoto.com/hair-makeup/plans/package-001.webp","hair-makeup/plans/package-001.webp","https://2026readdy.goldennextai.com/28-hair-makeup-service-plans-need-5/taipei-studio-makeup-service-packages-001.jpg","pending"
"hair-makeup-plans-package-002-webp","https://photo.goldenyearsphoto.com/hair-makeup/plans/package-002.webp","hair-makeup/plans/package-002.webp","https://2026readdy.goldennextai.com/photo-inbox/28-hair-makeup-service-plans-need-5/taipei-studio-makeup-service-packages-002.jpg","pending"
"hair-makeup-plans-package-003-webp","https://photo.goldenyearsphoto.com/hair-makeup/plans/package-003.webp","hair-makeup/plans/package-003.webp","https://2026readdy.goldennextai.com/28-hair-makeup-service-plans-need-5/taipei-studio-makeup-service-packages-003.jpg","pending"
"hair-makeup-plans-package-004-webp","https://photo.goldenyearsphoto.com/hair-makeup/plans/package-004.webp","hair-makeup/plans/package-004.webp","https://2026readdy.goldennextai.com/28-hair-makeup-service-plans-need-5/taipei-studio-makeup-service-packages-004.jpg","pending"
"hair-makeup-plans-package-005-webp","https://photo.goldenyearsphoto.com/hair-makeup/plans/package-005.webp","hair-makeup/plans/package-005.webp","https://2026readdy.goldennextai.com/photo-inbox/28-hair-makeup-service-plans-need-5/taipei-studio-makeup-service-packages-005.jpg","pending"
"home-hero-slide-001-webp","https://photo.goldenyearsphoto.com/home/hero/slide-001.webp","home/hero/slide-001.webp","https://2026readdy.goldennextai.com/02-taipei-homepage-service-cards-need-6/taipei-professional-headshot-studio-homepage-hero-001.jpg","pending"
"home-hero-slide-002-webp","https://photo.goldenyearsphoto.com/home/hero/slide-002.webp","home/hero/slide-002.webp","https://2026readdy.goldennextai.com/01-taipei-homepage-hero-carousel-need-5/taipei-professional-headshot-studio-homepage-hero-002.jpg","pending"
"home-hero-slide-003-webp","https://photo.goldenyearsphoto.com/home/hero/slide-003.webp","home/hero/slide-003.webp","https://2026readdy.goldennextai.com/01-taipei-homepage-hero-carousel-need-5/taipei-professional-headshot-studio-homepage-hero-003.jpg","pending"
"home-hero-slide-004-webp","https://photo.goldenyearsphoto.com/home/hero/slide-004.webp","home/hero/slide-004.webp","https://2026readdy.goldennextai.com/01-taipei-homepage-hero-carousel-need-5/taipei-professional-headshot-studio-homepage-hero-004.jpg","pending"
"home-hero-slide-005-webp","https://photo.goldenyearsphoto.com/home/hero/slide-005.webp","home/hero/slide-005.webp","https://2026readdy.goldennextai.com/01-taipei-homepage-hero-carousel-need-5/taipei-professional-headshot-studio-homepage-hero-005.jpg","pending"
"home-makeup-section-hero-webp","https://photo.goldenyearsphoto.com/home/makeup/section-hero.webp","home/makeup/section-hero.webp","https://2026readdy.goldennextai.com/04-taipei-homepage-makeup-hero-need-1/taipei-studio-hair-makeup-section-hero-001.jpg","pending"
"home-services-card-001-webp","https://photo.goldenyearsphoto.com/home/services/card-001.webp","home/services/card-001.webp","https://2026readdy.goldennextai.com/02-taipei-homepage-service-cards-need-6/goldenyears-taipei-portrait-service-cards-001.jpg","pending"
"home-services-card-002-webp","https://photo.goldenyearsphoto.com/home/services/card-002.webp","home/services/card-002.webp","https://2026readdy.goldennextai.com/02-taipei-homepage-service-cards-need-6/goldenyears-taipei-portrait-service-cards-002.jpg","pending"
"home-services-card-003-webp","https://photo.goldenyearsphoto.com/home/services/card-003.webp","home/services/card-003.webp","https://2026readdy.goldennextai.com/02-taipei-homepage-service-cards-need-6/goldenyears-taipei-portrait-service-cards-003.jpg","pending"
"home-services-card-004-webp","https://photo.goldenyearsphoto.com/home/services/card-004.webp","home/services/card-004.webp","https://2026readdy.goldennextai.com/02-taipei-homepage-service-cards-need-6/goldenyears-taipei-portrait-service-cards-004.jpg","pending"
"home-services-card-005-webp","https://photo.goldenyearsphoto.com/home/services/card-005.webp","home/services/card-005.webp","https://2026readdy.goldennextai.com/02-taipei-homepage-service-cards-need-6/goldenyears-taipei-portrait-service-cards-005.jpg","pending"
"home-services-card-006-webp","https://photo.goldenyearsphoto.com/home/services/card-006.webp","home/services/card-006.webp","https://2026readdy.goldennextai.com/02-taipei-homepage-service-cards-need-6/goldenyears-taipei-portrait-service-cards-006.jpg","pending"
"booking-personal-portrait","https://photo.goldenyearsphoto.com/personal-portrait/body-profile.webp","personal-portrait/body-profile.webp","https://res.cloudinary.com/dkpkni7ve/image/upload/v1779409825/body-profile-1_tz8mad.jpg","pending"
"personal-portrait-session-007-webp","https://photo.goldenyearsphoto.com/personal-portrait/session-007.webp","personal-portrait/session-007.webp","https://2026readdy.goldennextai.com/personal-portrait-extra/taipei-personal-portrait-photoshoot-007.jpg","pending"
"personal-portrait-session-012-webp","https://photo.goldenyearsphoto.com/personal-portrait/session-012.webp","personal-portrait/session-012.webp","https://2026readdy.goldennextai.com/photo-inbox/personal-portrait-extra/taipei-personal-portrait-photoshoot-012.jpg","pending"
"photography-featured-highlight-001-webp","https://photo.goldenyearsphoto.com/photography/featured/highlight-001.webp","photography/featured/highlight-001.webp","https://2026readdy.goldennextai.com/14-photography-featured-portfolio-need-15/goldenyears-taipei-featured-portfolio-highlights-001.jpg","pending"
"photography-featured-highlight-002-webp","https://photo.goldenyearsphoto.com/photography/featured/highlight-002.webp","photography/featured/highlight-002.webp","https://2026readdy.goldennextai.com/14-photography-featured-portfolio-need-15/goldenyears-taipei-featured-portfolio-highlights-002.jpg","pending"
"photography-featured-highlight-003-webp","https://photo.goldenyearsphoto.com/photography/featured/highlight-003.webp","photography/featured/highlight-003.webp","https://2026readdy.goldennextai.com/14-photography-featured-portfolio-need-15/goldenyears-taipei-featured-portfolio-highlights-003.jpg","pending"
"photography-featured-highlight-004-webp","https://photo.goldenyearsphoto.com/photography/featured/highlight-004.webp","photography/featured/highlight-004.webp","https://2026readdy.goldennextai.com/photo-inbox/14-photography-featured-portfolio-need-15/goldenyears-taipei-featured-portfolio-highlights-004.jpg","pending"
"photography-featured-highlight-005-webp","https://photo.goldenyearsphoto.com/photography/featured/highlight-005.webp","photography/featured/highlight-005.webp","https://2026readdy.goldennextai.com/14-photography-featured-portfolio-need-15/goldenyears-taipei-featured-portfolio-highlights-005.jpg","pending"
"photography-featured-highlight-006-webp","https://photo.goldenyearsphoto.com/photography/featured/highlight-006.webp","photography/featured/highlight-006.webp","https://2026readdy.goldennextai.com/14-photography-featured-portfolio-need-15/goldenyears-taipei-featured-portfolio-highlights-006.jpg","pending"
"photography-featured-highlight-007-webp","https://photo.goldenyearsphoto.com/photography/featured/highlight-007.webp","photography/featured/highlight-007.webp","https://2026readdy.goldennextai.com/14-photography-featured-portfolio-need-15/goldenyears-taipei-featured-portfolio-highlights-007.jpg","pending"
"photography-featured-highlight-008-webp","https://photo.goldenyearsphoto.com/photography/featured/highlight-008.webp","photography/featured/highlight-008.webp","https://2026readdy.goldennextai.com/14-photography-featured-portfolio-need-15/goldenyears-taipei-featured-portfolio-highlights-008.jpg","pending"
"photography-featured-highlight-009-webp","https://photo.goldenyearsphoto.com/photography/featured/highlight-009.webp","photography/featured/highlight-009.webp","https://2026readdy.goldennextai.com/14-photography-featured-portfolio-need-15/goldenyears-taipei-featured-portfolio-highlights-009.jpg","pending"
"photography-featured-highlight-010-webp","https://photo.goldenyearsphoto.com/photography/featured/highlight-010.webp","photography/featured/highlight-010.webp","https://2026readdy.goldennextai.com/14-photography-featured-portfolio-need-15/goldenyears-taipei-featured-portfolio-highlights-010.jpg","pending"
"photography-featured-highlight-011-webp","https://photo.goldenyearsphoto.com/photography/featured/highlight-011.webp","photography/featured/highlight-011.webp","https://2026readdy.goldennextai.com/14-photography-featured-portfolio-need-15/goldenyears-taipei-featured-portfolio-highlights-011.jpg","pending"
"photography-featured-highlight-012-webp","https://photo.goldenyearsphoto.com/photography/featured/highlight-012.webp","photography/featured/highlight-012.webp","https://2026readdy.goldennextai.com/14-photography-featured-portfolio-need-15/goldenyears-taipei-featured-portfolio-highlights-012.jpg","pending"
"photography-featured-highlight-013-webp","https://photo.goldenyearsphoto.com/photography/featured/highlight-013.webp","photography/featured/highlight-013.webp","https://2026readdy.goldennextai.com/14-photography-featured-portfolio-need-15/goldenyears-taipei-featured-portfolio-highlights-013.jpg","pending"
"photography-featured-highlight-014-webp","https://photo.goldenyearsphoto.com/photography/featured/highlight-014.webp","photography/featured/highlight-014.webp","https://2026readdy.goldennextai.com/14-photography-featured-portfolio-need-15/goldenyears-taipei-featured-portfolio-highlights-014.jpg","pending"
"photography-featured-highlight-015-webp","https://photo.goldenyearsphoto.com/photography/featured/highlight-015.webp","photography/featured/highlight-015.webp","https://2026readdy.goldennextai.com/14-photography-featured-portfolio-need-15/goldenyears-taipei-featured-portfolio-highlights-015.jpg","pending"
"photography-hero-main-webp","https://photo.goldenyearsphoto.com/photography/hero/main.webp","photography/hero/main.webp","https://2026readdy.goldennextai.com/13-photography-service-hero-quote-need-2/taipei-portrait-photography-service-hero-001.jpg","pending"
"portfolio-campaign-election-001-webp","https://photo.goldenyearsphoto.com/portfolio/campaign/election-001.webp","portfolio/campaign/election-001.webp","https://2026readdy.goldennextai.com/campaign-portrait-election/taipei-campaign-election-portrait-photo-001.jpg","pending"
"portfolio-campaign-election-003-webp","https://photo.goldenyearsphoto.com/portfolio/campaign/election-003.webp","portfolio/campaign/election-003.webp","https://2026readdy.goldennextai.com/campaign-portrait-election/taipei-campaign-election-portrait-photo-003.jpg","pending"
"portfolio-campaign-election-004-webp","https://photo.goldenyearsphoto.com/portfolio/campaign/election-004.webp","portfolio/campaign/election-004.webp","https://2026readdy.goldennextai.com/campaign-portrait-election/taipei-campaign-election-portrait-photo-004.jpg","pending"
"portfolio-corporate-group-001-webp","https://photo.goldenyearsphoto.com/portfolio/corporate/group-001.webp","portfolio/corporate/group-001.webp","https://2026readdy.goldennextai.com/17-portfolio-corporate-group-taipei-need-15/taipei-corporate-team-photography-portfolio-001.jpg","pending"
"portfolio-corporate-group-002-webp","https://photo.goldenyearsphoto.com/portfolio/corporate/group-002.webp","portfolio/corporate/group-002.webp","https://2026readdy.goldennextai.com/17-portfolio-corporate-group-taipei-need-15/taipei-corporate-team-photography-portfolio-002.jpg","pending"
"portfolio-corporate-group-003-webp","https://photo.goldenyearsphoto.com/portfolio/corporate/group-003.webp","portfolio/corporate/group-003.webp","https://2026readdy.goldennextai.com/17-portfolio-corporate-group-taipei-need-15/taipei-corporate-team-photography-portfolio-003.jpg","pending"
"portfolio-corporate-group-004-webp","https://photo.goldenyearsphoto.com/portfolio/corporate/group-004.webp","portfolio/corporate/group-004.webp","https://2026readdy.goldennextai.com/17-portfolio-corporate-group-taipei-need-15/taipei-corporate-team-photography-portfolio-004.jpg","pending"
"portfolio-corporate-group-005-webp","https://photo.goldenyearsphoto.com/portfolio/corporate/group-005.webp","portfolio/corporate/group-005.webp","https://2026readdy.goldennextai.com/17-portfolio-corporate-group-taipei-need-15/taipei-corporate-team-photography-portfolio-005.jpg","pending"
"portfolio-corporate-group-006-webp","https://photo.goldenyearsphoto.com/portfolio/corporate/group-006.webp","portfolio/corporate/group-006.webp","https://2026readdy.goldennextai.com/17-portfolio-corporate-group-taipei-need-15/taipei-corporate-team-photography-portfolio-006.jpg","pending"
"portfolio-corporate-group-007-webp","https://photo.goldenyearsphoto.com/portfolio/corporate/group-007.webp","portfolio/corporate/group-007.webp","https://2026readdy.goldennextai.com/17-portfolio-corporate-group-taipei-need-15/taipei-corporate-team-photography-portfolio-007.jpg","pending"
"portfolio-corporate-group-008-webp","https://photo.goldenyearsphoto.com/portfolio/corporate/group-008.webp","portfolio/corporate/group-008.webp","https://2026readdy.goldennextai.com/17-portfolio-corporate-group-taipei-need-15/taipei-corporate-team-photography-portfolio-008.jpg","pending"
"portfolio-corporate-group-009-webp","https://photo.goldenyearsphoto.com/portfolio/corporate/group-009.webp","portfolio/corporate/group-009.webp","https://2026readdy.goldennextai.com/17-portfolio-corporate-group-taipei-need-15/taipei-corporate-team-photography-portfolio-009.jpg","pending"
"portfolio-corporate-group-010-webp","https://photo.goldenyearsphoto.com/portfolio/corporate/group-010.webp","portfolio/corporate/group-010.webp","https://2026readdy.goldennextai.com/17-portfolio-corporate-group-taipei-need-15/taipei-corporate-team-photography-portfolio-010.jpg","pending"
"portfolio-corporate-group-011-webp","https://photo.goldenyearsphoto.com/portfolio/corporate/group-011.webp","portfolio/corporate/group-011.webp","https://2026readdy.goldennextai.com/17-portfolio-corporate-group-taipei-need-15/taipei-corporate-team-photography-portfolio-011.jpg","pending"
"portfolio-corporate-group-012-webp","https://photo.goldenyearsphoto.com/portfolio/corporate/group-012.webp","portfolio/corporate/group-012.webp","https://2026readdy.goldennextai.com/17-portfolio-corporate-group-taipei-need-15/taipei-corporate-team-photography-portfolio-012.jpg","pending"
"portfolio-corporate-group-013-webp","https://photo.goldenyearsphoto.com/portfolio/corporate/group-013.webp","portfolio/corporate/group-013.webp","https://2026readdy.goldennextai.com/17-portfolio-corporate-group-taipei-need-15/taipei-corporate-team-photography-portfolio-013.jpg","pending"
"portfolio-corporate-group-014-webp","https://photo.goldenyearsphoto.com/portfolio/corporate/group-014.webp","portfolio/corporate/group-014.webp","https://2026readdy.goldennextai.com/17-portfolio-corporate-group-taipei-need-15/taipei-corporate-team-photography-portfolio-014.jpg","pending"
"portfolio-corporate-group-015-webp","https://photo.goldenyearsphoto.com/portfolio/corporate/group-015.webp","portfolio/corporate/group-015.webp","https://2026readdy.goldennextai.com/17-portfolio-corporate-group-taipei-need-15/taipei-corporate-team-photography-portfolio-015.jpg","pending"
"portfolio-couple-session-001-webp","https://photo.goldenyearsphoto.com/portfolio/couple/session-001.webp","portfolio/couple/session-001.webp","https://2026readdy.goldennextai.com/20-portfolio-couple-taipei-need-15/taipei-couple-photoshoot-portfolio-studio-001.jpg","pending"
"portfolio-couple-session-002-webp","https://photo.goldenyearsphoto.com/portfolio/couple/session-002.webp","portfolio/couple/session-002.webp","https://2026readdy.goldennextai.com/20-portfolio-couple-taipei-need-15/taipei-couple-photoshoot-portfolio-studio-002.jpg","pending"
"portfolio-couple-session-003-webp","https://photo.goldenyearsphoto.com/portfolio/couple/session-003.webp","portfolio/couple/session-003.webp","https://2026readdy.goldennextai.com/20-portfolio-couple-taipei-need-15/taipei-couple-photoshoot-portfolio-studio-003.jpg","pending"
"portfolio-couple-session-004-webp","https://photo.goldenyearsphoto.com/portfolio/couple/session-004.webp","portfolio/couple/session-004.webp","https://2026readdy.goldennextai.com/20-portfolio-couple-taipei-need-15/taipei-couple-photoshoot-portfolio-studio-004.jpg","pending"
"portfolio-couple-session-005-webp","https://photo.goldenyearsphoto.com/portfolio/couple/session-005.webp","portfolio/couple/session-005.webp","https://2026readdy.goldennextai.com/20-portfolio-couple-taipei-need-15/taipei-couple-photoshoot-portfolio-studio-005.jpg","pending"
"portfolio-couple-session-006-webp","https://photo.goldenyearsphoto.com/portfolio/couple/session-006.webp","portfolio/couple/session-006.webp","https://2026readdy.goldennextai.com/20-portfolio-couple-taipei-need-15/taipei-couple-photoshoot-portfolio-studio-006.jpg","pending"
"portfolio-couple-session-007-webp","https://photo.goldenyearsphoto.com/portfolio/couple/session-007.webp","portfolio/couple/session-007.webp","https://2026readdy.goldennextai.com/20-portfolio-couple-taipei-need-15/taipei-couple-photoshoot-portfolio-studio-007.jpg","pending"
"portfolio-couple-session-008-webp","https://photo.goldenyearsphoto.com/portfolio/couple/session-008.webp","portfolio/couple/session-008.webp","https://2026readdy.goldennextai.com/20-portfolio-couple-taipei-need-15/taipei-couple-photoshoot-portfolio-studio-008.jpg","pending"
"portfolio-couple-session-009-webp","https://photo.goldenyearsphoto.com/portfolio/couple/session-009.webp","portfolio/couple/session-009.webp","https://2026readdy.goldennextai.com/20-portfolio-couple-taipei-need-15/taipei-couple-photoshoot-portfolio-studio-009.jpg","pending"
"portfolio-couple-session-010-webp","https://photo.goldenyearsphoto.com/portfolio/couple/session-010.webp","portfolio/couple/session-010.webp","https://2026readdy.goldennextai.com/20-portfolio-couple-taipei-need-15/taipei-couple-photoshoot-portfolio-studio-010.jpg","pending"
"portfolio-couple-session-011-webp","https://photo.goldenyearsphoto.com/portfolio/couple/session-011.webp","portfolio/couple/session-011.webp","https://2026readdy.goldennextai.com/20-portfolio-couple-taipei-need-15/taipei-couple-photoshoot-portfolio-studio-011.jpg","pending"
"portfolio-couple-session-012-webp","https://photo.goldenyearsphoto.com/portfolio/couple/session-012.webp","portfolio/couple/session-012.webp","https://2026readdy.goldennextai.com/20-portfolio-couple-taipei-need-15/taipei-couple-photoshoot-portfolio-studio-012.jpg","pending"
"portfolio-couple-session-013-webp","https://photo.goldenyearsphoto.com/portfolio/couple/session-013.webp","portfolio/couple/session-013.webp","https://2026readdy.goldennextai.com/20-portfolio-couple-taipei-need-15/taipei-couple-photoshoot-portfolio-studio-013.jpg","pending"
"portfolio-couple-session-014-webp","https://photo.goldenyearsphoto.com/portfolio/couple/session-014.webp","portfolio/couple/session-014.webp","https://2026readdy.goldennextai.com/20-portfolio-couple-taipei-need-15/taipei-couple-photoshoot-portfolio-studio-014.jpg","pending"
"portfolio-couple-session-015-webp","https://photo.goldenyearsphoto.com/portfolio/couple/session-015.webp","portfolio/couple/session-015.webp","https://2026readdy.goldennextai.com/20-portfolio-couple-taipei-need-15/taipei-couple-photoshoot-portfolio-studio-015.jpg","pending"
"portfolio-doctor-white-coat-001-webp","https://photo.goldenyearsphoto.com/portfolio/doctor/white-coat-001.webp","portfolio/doctor/white-coat-001.webp","https://2026readdy.goldennextai.com/19-portfolio-doctor-white-coat-taipei-need-15/taipei-doctor-white-coat-medical-headshot-portfolio-001.jpg","pending"
"portfolio-doctor-white-coat-002-webp","https://photo.goldenyearsphoto.com/portfolio/doctor/white-coat-002.webp","portfolio/doctor/white-coat-002.webp","https://2026readdy.goldennextai.com/19-portfolio-doctor-white-coat-taipei-need-15/taipei-doctor-white-coat-medical-headshot-portfolio-002.jpg","pending"
"portfolio-doctor-white-coat-005-webp","https://photo.goldenyearsphoto.com/portfolio/doctor/white-coat-005.webp","portfolio/doctor/white-coat-005.webp","https://2026readdy.goldennextai.com/19-portfolio-doctor-white-coat-taipei-need-15/taipei-doctor-white-coat-medical-headshot-portfolio-005.jpg","pending"
"portfolio-doctor-white-coat-006-webp","https://photo.goldenyearsphoto.com/portfolio/doctor/white-coat-006.webp","portfolio/doctor/white-coat-006.webp","https://2026readdy.goldennextai.com/19-portfolio-doctor-white-coat-taipei-need-15/taipei-doctor-white-coat-medical-headshot-portfolio-006.jpg","pending"
"portfolio-doctor-white-coat-007-webp","https://photo.goldenyearsphoto.com/portfolio/doctor/white-coat-007.webp","portfolio/doctor/white-coat-007.webp","https://2026readdy.goldennextai.com/19-portfolio-doctor-white-coat-taipei-need-15/taipei-doctor-white-coat-medical-headshot-portfolio-007.jpg","pending"
"portfolio-doctor-white-coat-008-webp","https://photo.goldenyearsphoto.com/portfolio/doctor/white-coat-008.webp","portfolio/doctor/white-coat-008.webp","https://2026readdy.goldennextai.com/19-portfolio-doctor-white-coat-taipei-need-15/taipei-doctor-white-coat-medical-headshot-portfolio-008.jpg","pending"
"portfolio-doctor-white-coat-009-webp","https://photo.goldenyearsphoto.com/portfolio/doctor/white-coat-009.webp","portfolio/doctor/white-coat-009.webp","https://2026readdy.goldennextai.com/19-portfolio-doctor-white-coat-taipei-need-15/taipei-doctor-white-coat-medical-headshot-portfolio-009.jpg","pending"
"portfolio-doctor-white-coat-010-webp","https://photo.goldenyearsphoto.com/portfolio/doctor/white-coat-010.webp","portfolio/doctor/white-coat-010.webp","https://2026readdy.goldennextai.com/19-portfolio-doctor-white-coat-taipei-need-15/taipei-doctor-white-coat-medical-headshot-portfolio-010.jpg","pending"
"portfolio-doctor-white-coat-011-webp","https://photo.goldenyearsphoto.com/portfolio/doctor/white-coat-011.webp","portfolio/doctor/white-coat-011.webp","https://2026readdy.goldennextai.com/19-portfolio-doctor-white-coat-taipei-need-15/taipei-doctor-white-coat-medical-headshot-portfolio-011.jpg","pending"
"portfolio-doctor-white-coat-012-webp","https://photo.goldenyearsphoto.com/portfolio/doctor/white-coat-012.webp","portfolio/doctor/white-coat-012.webp","https://2026readdy.goldennextai.com/19-portfolio-doctor-white-coat-taipei-need-15/taipei-doctor-white-coat-medical-headshot-portfolio-012.jpg","pending"
"portfolio-doctor-white-coat-013-webp","https://photo.goldenyearsphoto.com/portfolio/doctor/white-coat-013.webp","portfolio/doctor/white-coat-013.webp","https://2026readdy.goldennextai.com/photo-inbox/19-portfolio-doctor-white-coat-taipei-need-15/taipei-doctor-white-coat-medical-headshot-portfolio-013.jpg","pending"
"portfolio-doctor-white-coat-015-webp","https://photo.goldenyearsphoto.com/portfolio/doctor/white-coat-015.webp","portfolio/doctor/white-coat-015.webp","https://2026readdy.goldennextai.com/19-portfolio-doctor-white-coat-taipei-need-15/taipei-doctor-white-coat-medical-headshot-portfolio-015.jpg","pending"
"portfolio-doctor-white-coat-016-webp","https://photo.goldenyearsphoto.com/portfolio/doctor/white-coat-016.webp","portfolio/doctor/white-coat-016.webp","https://2026readdy.goldennextai.com/photo-inbox/19-portfolio-doctor-white-coat-taipei-need-15/taipei-doctor-white-coat-medical-headshot-portfolio-016.jpg","pending"
"portfolio-family-session-001-webp","https://photo.goldenyearsphoto.com/portfolio/family/session-001.webp","portfolio/family/session-001.webp","https://2026readdy.goldennextai.com/22-portfolio-family-taipei-need-15/taipei-family-portrait-photography-portfolio-001.jpg","pending"
"portfolio-family-session-002-webp","https://photo.goldenyearsphoto.com/portfolio/family/session-002.webp","portfolio/family/session-002.webp","https://2026readdy.goldennextai.com/photo-inbox/22-portfolio-family-taipei-need-15/taipei-family-portrait-photography-portfolio-002.jpg","pending"
"portfolio-family-session-003-webp","https://photo.goldenyearsphoto.com/portfolio/family/session-003.webp","portfolio/family/session-003.webp","https://2026readdy.goldennextai.com/22-portfolio-family-taipei-need-15/taipei-family-portrait-photography-portfolio-003.jpg","pending"
"portfolio-family-session-004-webp","https://photo.goldenyearsphoto.com/portfolio/family/session-004.webp","portfolio/family/session-004.webp","https://2026readdy.goldennextai.com/22-portfolio-family-taipei-need-15/taipei-family-portrait-photography-portfolio-004.jpg","pending"
"portfolio-family-session-005-webp","https://photo.goldenyearsphoto.com/portfolio/family/session-005.webp","portfolio/family/session-005.webp","https://2026readdy.goldennextai.com/22-portfolio-family-taipei-need-15/taipei-family-portrait-photography-portfolio-005.jpg","pending"
"portfolio-family-session-006-webp","https://photo.goldenyearsphoto.com/portfolio/family/session-006.webp","portfolio/family/session-006.webp","https://2026readdy.goldennextai.com/22-portfolio-family-taipei-need-15/taipei-family-portrait-photography-portfolio-006.jpg","pending"
"portfolio-family-session-007-webp","https://photo.goldenyearsphoto.com/portfolio/family/session-007.webp","portfolio/family/session-007.webp","https://2026readdy.goldennextai.com/22-portfolio-family-taipei-need-15/taipei-family-portrait-photography-portfolio-007.jpg","pending"
"portfolio-family-session-008-webp","https://photo.goldenyearsphoto.com/portfolio/family/session-008.webp","portfolio/family/session-008.webp","https://2026readdy.goldennextai.com/22-portfolio-family-taipei-need-15/taipei-family-portrait-photography-portfolio-008.jpg","pending"
"portfolio-family-session-009-webp","https://photo.goldenyearsphoto.com/portfolio/family/session-009.webp","portfolio/family/session-009.webp","https://2026readdy.goldennextai.com/22-portfolio-family-taipei-need-15/taipei-family-portrait-photography-portfolio-009.jpg","pending"
"portfolio-family-session-010-webp","https://photo.goldenyearsphoto.com/portfolio/family/session-010.webp","portfolio/family/session-010.webp","https://2026readdy.goldennextai.com/22-portfolio-family-taipei-need-15/taipei-family-portrait-photography-portfolio-010.jpg","pending"
"portfolio-family-session-011-webp","https://photo.goldenyearsphoto.com/portfolio/family/session-011.webp","portfolio/family/session-011.webp","https://2026readdy.goldennextai.com/22-portfolio-family-taipei-need-15/taipei-family-portrait-photography-portfolio-011.jpg","pending"
"portfolio-family-session-012-webp","https://photo.goldenyearsphoto.com/portfolio/family/session-012.webp","portfolio/family/session-012.webp","https://2026readdy.goldennextai.com/22-portfolio-family-taipei-need-15/taipei-family-portrait-photography-portfolio-012.jpg","pending"
"portfolio-family-session-013-webp","https://photo.goldenyearsphoto.com/portfolio/family/session-013.webp","portfolio/family/session-013.webp","https://2026readdy.goldennextai.com/22-portfolio-family-taipei-need-15/taipei-family-portrait-photography-portfolio-013.jpg","pending"
"portfolio-family-session-014-webp","https://photo.goldenyearsphoto.com/portfolio/family/session-014.webp","portfolio/family/session-014.webp","https://2026readdy.goldennextai.com/22-portfolio-family-taipei-need-15/taipei-family-portrait-photography-portfolio-014.jpg","pending"
"portfolio-family-session-015-webp","https://photo.goldenyearsphoto.com/portfolio/family/session-015.webp","portfolio/family/session-015.webp","https://2026readdy.goldennextai.com/22-portfolio-family-taipei-need-15/taipei-family-portrait-photography-portfolio-015.jpg","pending"
"portfolio-friends-group-001-webp","https://photo.goldenyearsphoto.com/portfolio/friends/group-001.webp","portfolio/friends/group-001.webp","https://2026readdy.goldennextai.com/21-portfolio-friends-taipei-need-15/taipei-friends-group-portrait-portfolio-001.jpg","pending"
"portfolio-friends-group-002-webp","https://photo.goldenyearsphoto.com/portfolio/friends/group-002.webp","portfolio/friends/group-002.webp","https://2026readdy.goldennextai.com/21-portfolio-friends-taipei-need-15/taipei-friends-group-portrait-portfolio-002.jpg","pending"
"portfolio-friends-group-003-webp","https://photo.goldenyearsphoto.com/portfolio/friends/group-003.webp","portfolio/friends/group-003.webp","https://2026readdy.goldennextai.com/21-portfolio-friends-taipei-need-15/taipei-friends-group-portrait-portfolio-003.jpg","pending"
"portfolio-friends-group-004-webp","https://photo.goldenyearsphoto.com/portfolio/friends/group-004.webp","portfolio/friends/group-004.webp","https://2026readdy.goldennextai.com/21-portfolio-friends-taipei-need-15/taipei-friends-group-portrait-portfolio-004.jpg","pending"
"portfolio-friends-group-005-webp","https://photo.goldenyearsphoto.com/portfolio/friends/group-005.webp","portfolio/friends/group-005.webp","https://2026readdy.goldennextai.com/21-portfolio-friends-taipei-need-15/taipei-friends-group-portrait-portfolio-005.jpg","pending"
"portfolio-friends-group-006-webp","https://photo.goldenyearsphoto.com/portfolio/friends/group-006.webp","portfolio/friends/group-006.webp","https://2026readdy.goldennextai.com/21-portfolio-friends-taipei-need-15/taipei-friends-group-portrait-portfolio-006.jpg","pending"
"portfolio-friends-group-007-webp","https://photo.goldenyearsphoto.com/portfolio/friends/group-007.webp","portfolio/friends/group-007.webp","https://2026readdy.goldennextai.com/21-portfolio-friends-taipei-need-15/taipei-friends-group-portrait-portfolio-007.jpg","pending"
"portfolio-friends-group-008-webp","https://photo.goldenyearsphoto.com/portfolio/friends/group-008.webp","portfolio/friends/group-008.webp","https://2026readdy.goldennextai.com/21-portfolio-friends-taipei-need-15/taipei-friends-group-portrait-portfolio-008.jpg","pending"
"portfolio-friends-group-009-webp","https://photo.goldenyearsphoto.com/portfolio/friends/group-009.webp","portfolio/friends/group-009.webp","https://2026readdy.goldennextai.com/21-portfolio-friends-taipei-need-15/taipei-friends-group-portrait-portfolio-009.jpg","pending"
"portfolio-friends-group-010-webp","https://photo.goldenyearsphoto.com/portfolio/friends/group-010.webp","portfolio/friends/group-010.webp","https://2026readdy.goldennextai.com/21-portfolio-friends-taipei-need-15/taipei-friends-group-portrait-portfolio-010.jpg","pending"
"portfolio-friends-group-011-webp","https://photo.goldenyearsphoto.com/portfolio/friends/group-011.webp","portfolio/friends/group-011.webp","https://2026readdy.goldennextai.com/21-portfolio-friends-taipei-need-15/taipei-friends-group-portrait-portfolio-011.jpg","pending"
"portfolio-friends-group-012-webp","https://photo.goldenyearsphoto.com/portfolio/friends/group-012.webp","portfolio/friends/group-012.webp","https://2026readdy.goldennextai.com/21-portfolio-friends-taipei-need-15/taipei-friends-group-portrait-portfolio-012.jpg","pending"
"portfolio-friends-group-013-webp","https://photo.goldenyearsphoto.com/portfolio/friends/group-013.webp","portfolio/friends/group-013.webp","https://2026readdy.goldennextai.com/21-portfolio-friends-taipei-need-15/taipei-friends-group-portrait-portfolio-013.jpg","pending"
"portfolio-friends-group-014-webp","https://photo.goldenyearsphoto.com/portfolio/friends/group-014.webp","portfolio/friends/group-014.webp","https://2026readdy.goldennextai.com/21-portfolio-friends-taipei-need-15/taipei-friends-group-portrait-portfolio-014.jpg","pending"
"portfolio-friends-group-015-webp","https://photo.goldenyearsphoto.com/portfolio/friends/group-015.webp","portfolio/friends/group-015.webp","https://2026readdy.goldennextai.com/21-portfolio-friends-taipei-need-15/taipei-friends-group-portrait-portfolio-015.jpg","pending"
"portfolio-graduation-studio-001-webp","https://photo.goldenyearsphoto.com/portfolio/graduation/studio-001.webp","portfolio/graduation/studio-001.webp","https://2026readdy.goldennextai.com/18-portfolio-graduation-taipei-need-15/taipei-graduation-portrait-portfolio-studio-001.jpg","pending"
"portfolio-graduation-studio-002-webp","https://photo.goldenyearsphoto.com/portfolio/graduation/studio-002.webp","portfolio/graduation/studio-002.webp","https://2026readdy.goldennextai.com/18-portfolio-graduation-taipei-need-15/taipei-graduation-portrait-portfolio-studio-002.jpg","pending"
"portfolio-graduation-studio-003-webp","https://photo.goldenyearsphoto.com/portfolio/graduation/studio-003.webp","portfolio/graduation/studio-003.webp","https://2026readdy.goldennextai.com/18-portfolio-graduation-taipei-need-15/taipei-graduation-portrait-portfolio-studio-003.jpg","pending"
"portfolio-graduation-studio-004-webp","https://photo.goldenyearsphoto.com/portfolio/graduation/studio-004.webp","portfolio/graduation/studio-004.webp","https://2026readdy.goldennextai.com/18-portfolio-graduation-taipei-need-15/taipei-graduation-portrait-portfolio-studio-004.jpg","pending"
"portfolio-graduation-studio-005-webp","https://photo.goldenyearsphoto.com/portfolio/graduation/studio-005.webp","portfolio/graduation/studio-005.webp","https://2026readdy.goldennextai.com/18-portfolio-graduation-taipei-need-15/taipei-graduation-portrait-portfolio-studio-005.jpg","pending"
"portfolio-graduation-studio-006-webp","https://photo.goldenyearsphoto.com/portfolio/graduation/studio-006.webp","portfolio/graduation/studio-006.webp","https://2026readdy.goldennextai.com/18-portfolio-graduation-taipei-need-15/taipei-graduation-portrait-portfolio-studio-006.jpg","pending"
"portfolio-graduation-studio-007-webp","https://photo.goldenyearsphoto.com/portfolio/graduation/studio-007.webp","portfolio/graduation/studio-007.webp","https://2026readdy.goldennextai.com/18-portfolio-graduation-taipei-need-15/taipei-graduation-portrait-portfolio-studio-007.jpg","pending"
"portfolio-graduation-studio-008-webp","https://photo.goldenyearsphoto.com/portfolio/graduation/studio-008.webp","portfolio/graduation/studio-008.webp","https://2026readdy.goldennextai.com/18-portfolio-graduation-taipei-need-15/taipei-graduation-portrait-portfolio-studio-008.jpg","pending"
"portfolio-graduation-studio-009-webp","https://photo.goldenyearsphoto.com/portfolio/graduation/studio-009.webp","portfolio/graduation/studio-009.webp","https://2026readdy.goldennextai.com/18-portfolio-graduation-taipei-need-15/taipei-graduation-portrait-portfolio-studio-009.jpg","pending"
"portfolio-graduation-studio-010-webp","https://photo.goldenyearsphoto.com/portfolio/graduation/studio-010.webp","portfolio/graduation/studio-010.webp","https://2026readdy.goldennextai.com/18-portfolio-graduation-taipei-need-15/taipei-graduation-portrait-portfolio-studio-010.jpg","pending"
"portfolio-graduation-studio-011-webp","https://photo.goldenyearsphoto.com/portfolio/graduation/studio-011.webp","portfolio/graduation/studio-011.webp","https://2026readdy.goldennextai.com/18-portfolio-graduation-taipei-need-15/taipei-graduation-portrait-portfolio-studio-011.jpg","pending"
"portfolio-graduation-studio-012-webp","https://photo.goldenyearsphoto.com/portfolio/graduation/studio-012.webp","portfolio/graduation/studio-012.webp","https://2026readdy.goldennextai.com/18-portfolio-graduation-taipei-need-15/taipei-graduation-portrait-portfolio-studio-012.jpg","pending"
"portfolio-graduation-studio-013-webp","https://photo.goldenyearsphoto.com/portfolio/graduation/studio-013.webp","portfolio/graduation/studio-013.webp","https://2026readdy.goldennextai.com/18-portfolio-graduation-taipei-need-15/taipei-graduation-portrait-portfolio-studio-013.jpg","pending"
"portfolio-graduation-studio-014-webp","https://photo.goldenyearsphoto.com/portfolio/graduation/studio-014.webp","portfolio/graduation/studio-014.webp","https://2026readdy.goldennextai.com/18-portfolio-graduation-taipei-need-15/taipei-graduation-portrait-portfolio-studio-014.jpg","pending"
"portfolio-graduation-studio-015-webp","https://photo.goldenyearsphoto.com/portfolio/graduation/studio-015.webp","portfolio/graduation/studio-015.webp","https://2026readdy.goldennextai.com/18-portfolio-graduation-taipei-need-15/taipei-graduation-portrait-portfolio-studio-015.jpg","pending"
"portfolio-id-formal-passport-001-webp","https://photo.goldenyearsphoto.com/portfolio/id-formal/passport-001.webp","portfolio/id-formal/passport-001.webp","https://2026readdy.goldennextai.com/25-portfolio-formal-id-passport-taipei-need-15/taipei-formal-id-passport-photo-portfolio-001.jpg","pending"
"portfolio-id-formal-passport-002-webp","https://photo.goldenyearsphoto.com/portfolio/id-formal/passport-002.webp","portfolio/id-formal/passport-002.webp","https://2026readdy.goldennextai.com/25-portfolio-formal-id-passport-taipei-need-15/taipei-formal-id-passport-photo-portfolio-002.jpg","pending"
"portfolio-id-formal-passport-003-webp","https://photo.goldenyearsphoto.com/portfolio/id-formal/passport-003.webp","portfolio/id-formal/passport-003.webp","https://2026readdy.goldennextai.com/25-portfolio-formal-id-passport-taipei-need-15/taipei-formal-id-passport-photo-portfolio-003.jpg","pending"
"portfolio-id-formal-passport-004-webp","https://photo.goldenyearsphoto.com/portfolio/id-formal/passport-004.webp","portfolio/id-formal/passport-004.webp","https://2026readdy.goldennextai.com/25-portfolio-formal-id-passport-taipei-need-15/taipei-formal-id-passport-photo-portfolio-004.jpg","pending"
"portfolio-id-formal-passport-005-webp","https://photo.goldenyearsphoto.com/portfolio/id-formal/passport-005.webp","portfolio/id-formal/passport-005.webp","https://2026readdy.goldennextai.com/25-portfolio-formal-id-passport-taipei-need-15/taipei-formal-id-passport-photo-portfolio-005.jpg","pending"
"portfolio-id-formal-passport-006-webp","https://photo.goldenyearsphoto.com/portfolio/id-formal/passport-006.webp","portfolio/id-formal/passport-006.webp","https://2026readdy.goldennextai.com/25-portfolio-formal-id-passport-taipei-need-15/taipei-formal-id-passport-photo-portfolio-006.jpg","pending"
"portfolio-id-formal-passport-007-webp","https://photo.goldenyearsphoto.com/portfolio/id-formal/passport-007.webp","portfolio/id-formal/passport-007.webp","https://2026readdy.goldennextai.com/25-portfolio-formal-id-passport-taipei-need-15/taipei-formal-id-passport-photo-portfolio-007.jpg","pending"
"portfolio-id-formal-passport-008-webp","https://photo.goldenyearsphoto.com/portfolio/id-formal/passport-008.webp","portfolio/id-formal/passport-008.webp","https://2026readdy.goldennextai.com/25-portfolio-formal-id-passport-taipei-need-15/taipei-formal-id-passport-photo-portfolio-008.jpg","pending"
"portfolio-id-formal-passport-009-webp","https://photo.goldenyearsphoto.com/portfolio/id-formal/passport-009.webp","portfolio/id-formal/passport-009.webp","https://2026readdy.goldennextai.com/25-portfolio-formal-id-passport-taipei-need-15/taipei-formal-id-passport-photo-portfolio-009.jpg","pending"
"portfolio-id-formal-passport-010-webp","https://photo.goldenyearsphoto.com/portfolio/id-formal/passport-010.webp","portfolio/id-formal/passport-010.webp","https://2026readdy.goldennextai.com/25-portfolio-formal-id-passport-taipei-need-15/taipei-formal-id-passport-photo-portfolio-010.jpg","pending"
"portfolio-id-formal-passport-011-webp","https://photo.goldenyearsphoto.com/portfolio/id-formal/passport-011.webp","portfolio/id-formal/passport-011.webp","https://2026readdy.goldennextai.com/25-portfolio-formal-id-passport-taipei-need-15/taipei-formal-id-passport-photo-portfolio-011.jpg","pending"
"portfolio-id-formal-passport-012-webp","https://photo.goldenyearsphoto.com/portfolio/id-formal/passport-012.webp","portfolio/id-formal/passport-012.webp","https://2026readdy.goldennextai.com/25-portfolio-formal-id-passport-taipei-need-15/taipei-formal-id-passport-photo-portfolio-012.jpg","pending"
"portfolio-id-formal-passport-013-webp","https://photo.goldenyearsphoto.com/portfolio/id-formal/passport-013.webp","portfolio/id-formal/passport-013.webp","https://2026readdy.goldennextai.com/25-portfolio-formal-id-passport-taipei-need-15/taipei-formal-id-passport-photo-portfolio-013.jpg","pending"
"portfolio-id-formal-passport-014-webp","https://photo.goldenyearsphoto.com/portfolio/id-formal/passport-014.webp","portfolio/id-formal/passport-014.webp","https://2026readdy.goldennextai.com/25-portfolio-formal-id-passport-taipei-need-15/taipei-formal-id-passport-photo-portfolio-014.jpg","pending"
"portfolio-id-formal-passport-015-webp","https://photo.goldenyearsphoto.com/portfolio/id-formal/passport-015.webp","portfolio/id-formal/passport-015.webp","https://2026readdy.goldennextai.com/25-portfolio-formal-id-passport-taipei-need-15/taipei-formal-id-passport-photo-portfolio-015.jpg","pending"
"portfolio-id-graduation-grad-001-webp","https://photo.goldenyearsphoto.com/portfolio/id-graduation/grad-001.webp","portfolio/id-graduation/grad-001.webp","https://2026readdy.goldennextai.com/26-portfolio-graduation-id-taipei-need-15/taipei-graduation-id-photo-portfolio-001.jpg","pending"
"portfolio-id-graduation-grad-002-webp","https://photo.goldenyearsphoto.com/portfolio/id-graduation/grad-002.webp","portfolio/id-graduation/grad-002.webp","https://2026readdy.goldennextai.com/26-portfolio-graduation-id-taipei-need-15/taipei-graduation-id-photo-portfolio-002.jpg","pending"
"portfolio-id-graduation-grad-003-webp","https://photo.goldenyearsphoto.com/portfolio/id-graduation/grad-003.webp","portfolio/id-graduation/grad-003.webp","https://2026readdy.goldennextai.com/26-portfolio-graduation-id-taipei-need-15/taipei-graduation-id-photo-portfolio-003.jpg","pending"
"portfolio-id-graduation-grad-004-webp","https://photo.goldenyearsphoto.com/portfolio/id-graduation/grad-004.webp","portfolio/id-graduation/grad-004.webp","https://2026readdy.goldennextai.com/26-portfolio-graduation-id-taipei-need-15/taipei-graduation-id-photo-portfolio-004.jpg","pending"
"portfolio-id-graduation-grad-005-webp","https://photo.goldenyearsphoto.com/portfolio/id-graduation/grad-005.webp","portfolio/id-graduation/grad-005.webp","https://2026readdy.goldennextai.com/26-portfolio-graduation-id-taipei-need-15/taipei-graduation-id-photo-portfolio-005.jpg","pending"
"portfolio-id-graduation-grad-006-webp","https://photo.goldenyearsphoto.com/portfolio/id-graduation/grad-006.webp","portfolio/id-graduation/grad-006.webp","https://2026readdy.goldennextai.com/26-portfolio-graduation-id-taipei-need-15/taipei-graduation-id-photo-portfolio-006.jpg","pending"
"portfolio-id-graduation-grad-007-webp","https://photo.goldenyearsphoto.com/portfolio/id-graduation/grad-007.webp","portfolio/id-graduation/grad-007.webp","https://2026readdy.goldennextai.com/26-portfolio-graduation-id-taipei-need-15/taipei-graduation-id-photo-portfolio-007.jpg","pending"
"portfolio-id-graduation-grad-008-webp","https://photo.goldenyearsphoto.com/portfolio/id-graduation/grad-008.webp","portfolio/id-graduation/grad-008.webp","https://2026readdy.goldennextai.com/26-portfolio-graduation-id-taipei-need-15/taipei-graduation-id-photo-portfolio-008.jpg","pending"
"portfolio-id-graduation-grad-009-webp","https://photo.goldenyearsphoto.com/portfolio/id-graduation/grad-009.webp","portfolio/id-graduation/grad-009.webp","https://2026readdy.goldennextai.com/26-portfolio-graduation-id-taipei-need-15/taipei-graduation-id-photo-portfolio-009.jpg","pending"
"portfolio-id-graduation-grad-010-webp","https://photo.goldenyearsphoto.com/portfolio/id-graduation/grad-010.webp","portfolio/id-graduation/grad-010.webp","https://2026readdy.goldennextai.com/26-portfolio-graduation-id-taipei-need-15/taipei-graduation-id-photo-portfolio-010.jpg","pending"
"portfolio-id-graduation-grad-011-webp","https://photo.goldenyearsphoto.com/portfolio/id-graduation/grad-011.webp","portfolio/id-graduation/grad-011.webp","https://2026readdy.goldennextai.com/26-portfolio-graduation-id-taipei-need-15/taipei-graduation-id-photo-portfolio-011.jpg","pending"
"portfolio-id-graduation-grad-012-webp","https://photo.goldenyearsphoto.com/portfolio/id-graduation/grad-012.webp","portfolio/id-graduation/grad-012.webp","https://2026readdy.goldennextai.com/26-portfolio-graduation-id-taipei-need-15/taipei-graduation-id-photo-portfolio-012.jpg","pending"
"portfolio-id-graduation-grad-013-webp","https://photo.goldenyearsphoto.com/portfolio/id-graduation/grad-013.webp","portfolio/id-graduation/grad-013.webp","https://2026readdy.goldennextai.com/26-portfolio-graduation-id-taipei-need-15/taipei-graduation-id-photo-portfolio-013.jpg","pending"
"portfolio-id-graduation-grad-014-webp","https://photo.goldenyearsphoto.com/portfolio/id-graduation/grad-014.webp","portfolio/id-graduation/grad-014.webp","https://2026readdy.goldennextai.com/26-portfolio-graduation-id-taipei-need-15/taipei-graduation-id-photo-portfolio-014.jpg","pending"
"portfolio-id-graduation-grad-015-webp","https://photo.goldenyearsphoto.com/portfolio/id-graduation/grad-015.webp","portfolio/id-graduation/grad-015.webp","https://2026readdy.goldennextai.com/26-portfolio-graduation-id-taipei-need-15/taipei-graduation-id-photo-portfolio-015.jpg","pending"
"portfolio-linkedin-shot-002-webp","https://photo.goldenyearsphoto.com/portfolio/linkedin/shot-002.webp","portfolio/linkedin/shot-002.webp","https://2026readdy.goldennextai.com/16-portfolio-linkedin-corporate-taipei-need-15/taipei-linkedin-corporate-headshot-portfolio-002.jpg","pending"
"portfolio-linkedin-shot-008-webp","https://photo.goldenyearsphoto.com/portfolio/linkedin/shot-008.webp","portfolio/linkedin/shot-008.webp","https://2026readdy.goldennextai.com/16-portfolio-linkedin-corporate-taipei-need-15/taipei-linkedin-corporate-headshot-portfolio-008.jpg","pending"
"portfolio-linkedin-shot-009-webp","https://photo.goldenyearsphoto.com/portfolio/linkedin/shot-009.webp","portfolio/linkedin/shot-009.webp","https://2026readdy.goldennextai.com/16-portfolio-linkedin-corporate-taipei-need-15/taipei-linkedin-corporate-headshot-portfolio-009.jpg","pending"
"portfolio-linkedin-shot-010-webp","https://photo.goldenyearsphoto.com/portfolio/linkedin/shot-010.webp","portfolio/linkedin/shot-010.webp","https://2026readdy.goldennextai.com/16-portfolio-linkedin-corporate-taipei-need-15/taipei-linkedin-corporate-headshot-portfolio-010.jpg","pending"
"portfolio-linkedin-shot-011-webp","https://photo.goldenyearsphoto.com/portfolio/linkedin/shot-011.webp","portfolio/linkedin/shot-011.webp","https://2026readdy.goldennextai.com/16-portfolio-linkedin-corporate-taipei-need-15/taipei-linkedin-corporate-headshot-portfolio-011.jpg","pending"
"portfolio-linkedin-shot-012-webp","https://photo.goldenyearsphoto.com/portfolio/linkedin/shot-012.webp","portfolio/linkedin/shot-012.webp","https://2026readdy.goldennextai.com/16-portfolio-linkedin-corporate-taipei-need-15/taipei-linkedin-corporate-headshot-portfolio-012.jpg","pending"
"portfolio-linkedin-shot-015-webp","https://photo.goldenyearsphoto.com/portfolio/linkedin/shot-015.webp","portfolio/linkedin/shot-015.webp","https://2026readdy.goldennextai.com/16-portfolio-linkedin-corporate-taipei-need-15/taipei-linkedin-corporate-headshot-portfolio-015.jpg","pending"
"portfolio-linkedin-shot-016-webp","https://photo.goldenyearsphoto.com/portfolio/linkedin/shot-016.webp","portfolio/linkedin/shot-016.webp","https://2026readdy.goldennextai.com/16-portfolio-linkedin-corporate-taipei-need-15/taipei-linkedin-corporate-headshot-portfolio-016.jpg","pending"
"portfolio-linkedin-shot-018-webp","https://photo.goldenyearsphoto.com/portfolio/linkedin/shot-018.webp","portfolio/linkedin/shot-018.webp","https://2026readdy.goldennextai.com/16-portfolio-linkedin-corporate-taipei-need-15/taipei-linkedin-corporate-headshot-portfolio-018.jpg","pending"
"portfolio-linkedin-shot-020-webp","https://photo.goldenyearsphoto.com/portfolio/linkedin/shot-020.webp","portfolio/linkedin/shot-020.webp","https://2026readdy.goldennextai.com/16-portfolio-linkedin-corporate-taipei-need-15/taipei-linkedin-corporate-headshot-portfolio-020.jpg","pending"
"portfolio-linkedin-shot-021-webp","https://photo.goldenyearsphoto.com/portfolio/linkedin/shot-021.webp","portfolio/linkedin/shot-021.webp","https://2026readdy.goldennextai.com/16-portfolio-linkedin-corporate-taipei-need-15/taipei-linkedin-corporate-headshot-portfolio-021.jpg","pending"
"portfolio-maternity-session-001-webp","https://photo.goldenyearsphoto.com/portfolio/maternity/session-001.webp","portfolio/maternity/session-001.webp","https://2026readdy.goldennextai.com/23-portfolio-maternity-taipei-need-15/taipei-maternity-photography-portfolio-studio-001.jpg","pending"
"portfolio-maternity-session-002-webp","https://photo.goldenyearsphoto.com/portfolio/maternity/session-002.webp","portfolio/maternity/session-002.webp","https://2026readdy.goldennextai.com/23-portfolio-maternity-taipei-need-15/taipei-maternity-photography-portfolio-studio-002.jpg","pending"
"portfolio-maternity-session-003-webp","https://photo.goldenyearsphoto.com/portfolio/maternity/session-003.webp","portfolio/maternity/session-003.webp","https://2026readdy.goldennextai.com/23-portfolio-maternity-taipei-need-15/taipei-maternity-photography-portfolio-studio-003.jpg","pending"
"portfolio-maternity-session-004-webp","https://photo.goldenyearsphoto.com/portfolio/maternity/session-004.webp","portfolio/maternity/session-004.webp","https://2026readdy.goldennextai.com/23-portfolio-maternity-taipei-need-15/taipei-maternity-photography-portfolio-studio-004.jpg","pending"
"portfolio-maternity-session-005-webp","https://photo.goldenyearsphoto.com/portfolio/maternity/session-005.webp","portfolio/maternity/session-005.webp","https://2026readdy.goldennextai.com/23-portfolio-maternity-taipei-need-15/taipei-maternity-photography-portfolio-studio-005.jpg","pending"
"portfolio-maternity-session-006-webp","https://photo.goldenyearsphoto.com/portfolio/maternity/session-006.webp","portfolio/maternity/session-006.webp","https://2026readdy.goldennextai.com/23-portfolio-maternity-taipei-need-15/taipei-maternity-photography-portfolio-studio-006.jpg","pending"
"portfolio-maternity-session-007-webp","https://photo.goldenyearsphoto.com/portfolio/maternity/session-007.webp","portfolio/maternity/session-007.webp","https://2026readdy.goldennextai.com/23-portfolio-maternity-taipei-need-15/taipei-maternity-photography-portfolio-studio-007.jpg","pending"
"portfolio-maternity-session-008-webp","https://photo.goldenyearsphoto.com/portfolio/maternity/session-008.webp","portfolio/maternity/session-008.webp","https://2026readdy.goldennextai.com/23-portfolio-maternity-taipei-need-15/taipei-maternity-photography-portfolio-studio-008.jpg","pending"
"portfolio-maternity-session-009-webp","https://photo.goldenyearsphoto.com/portfolio/maternity/session-009.webp","portfolio/maternity/session-009.webp","https://2026readdy.goldennextai.com/23-portfolio-maternity-taipei-need-15/taipei-maternity-photography-portfolio-studio-009.jpg","pending"
"portfolio-maternity-session-010-webp","https://photo.goldenyearsphoto.com/portfolio/maternity/session-010.webp","portfolio/maternity/session-010.webp","https://2026readdy.goldennextai.com/23-portfolio-maternity-taipei-need-15/taipei-maternity-photography-portfolio-studio-010.jpg","pending"
"portfolio-maternity-session-011-webp","https://photo.goldenyearsphoto.com/portfolio/maternity/session-011.webp","portfolio/maternity/session-011.webp","https://2026readdy.goldennextai.com/23-portfolio-maternity-taipei-need-15/taipei-maternity-photography-portfolio-studio-011.jpg","pending"
"portfolio-maternity-session-012-webp","https://photo.goldenyearsphoto.com/portfolio/maternity/session-012.webp","portfolio/maternity/session-012.webp","https://2026readdy.goldennextai.com/23-portfolio-maternity-taipei-need-15/taipei-maternity-photography-portfolio-studio-012.jpg","pending"
"portfolio-maternity-session-013-webp","https://photo.goldenyearsphoto.com/portfolio/maternity/session-013.webp","portfolio/maternity/session-013.webp","https://2026readdy.goldennextai.com/23-portfolio-maternity-taipei-need-15/taipei-maternity-photography-portfolio-studio-013.jpg","pending"
"portfolio-maternity-session-014-webp","https://photo.goldenyearsphoto.com/portfolio/maternity/session-014.webp","portfolio/maternity/session-014.webp","https://2026readdy.goldennextai.com/23-portfolio-maternity-taipei-need-15/taipei-maternity-photography-portfolio-studio-014.jpg","pending"
"portfolio-maternity-session-015-webp","https://photo.goldenyearsphoto.com/portfolio/maternity/session-015.webp","portfolio/maternity/session-015.webp","https://2026readdy.goldennextai.com/23-portfolio-maternity-taipei-need-15/taipei-maternity-photography-portfolio-studio-015.jpg","pending"
"portfolio-pet-session-001-webp","https://photo.goldenyearsphoto.com/portfolio/pet/session-001.webp","portfolio/pet/session-001.webp","https://2026readdy.goldennextai.com/24-portfolio-pet-taipei-need-15/taipei-pet-portrait-photography-portfolio-001.jpg","pending"
"portfolio-pet-session-002-webp","https://photo.goldenyearsphoto.com/portfolio/pet/session-002.webp","portfolio/pet/session-002.webp","https://2026readdy.goldennextai.com/24-portfolio-pet-taipei-need-15/taipei-pet-portrait-photography-portfolio-002.jpg","pending"
"portfolio-pet-session-003-webp","https://photo.goldenyearsphoto.com/portfolio/pet/session-003.webp","portfolio/pet/session-003.webp","https://2026readdy.goldennextai.com/24-portfolio-pet-taipei-need-15/taipei-pet-portrait-photography-portfolio-003.jpg","pending"
"portfolio-pet-session-004-webp","https://photo.goldenyearsphoto.com/portfolio/pet/session-004.webp","portfolio/pet/session-004.webp","https://2026readdy.goldennextai.com/24-portfolio-pet-taipei-need-15/taipei-pet-portrait-photography-portfolio-004.jpg","pending"
"portfolio-pet-session-005-webp","https://photo.goldenyearsphoto.com/portfolio/pet/session-005.webp","portfolio/pet/session-005.webp","https://2026readdy.goldennextai.com/24-portfolio-pet-taipei-need-15/taipei-pet-portrait-photography-portfolio-005.jpg","pending"
"portfolio-pet-session-006-webp","https://photo.goldenyearsphoto.com/portfolio/pet/session-006.webp","portfolio/pet/session-006.webp","https://2026readdy.goldennextai.com/24-portfolio-pet-taipei-need-15/taipei-pet-portrait-photography-portfolio-006.jpg","pending"
"portfolio-pet-session-007-webp","https://photo.goldenyearsphoto.com/portfolio/pet/session-007.webp","portfolio/pet/session-007.webp","https://2026readdy.goldennextai.com/24-portfolio-pet-taipei-need-15/taipei-pet-portrait-photography-portfolio-007.jpg","pending"
"portfolio-pet-session-008-webp","https://photo.goldenyearsphoto.com/portfolio/pet/session-008.webp","portfolio/pet/session-008.webp","https://2026readdy.goldennextai.com/24-portfolio-pet-taipei-need-15/taipei-pet-portrait-photography-portfolio-008.jpg","pending"
"portfolio-pet-session-009-webp","https://photo.goldenyearsphoto.com/portfolio/pet/session-009.webp","portfolio/pet/session-009.webp","https://2026readdy.goldennextai.com/24-portfolio-pet-taipei-need-15/taipei-pet-portrait-photography-portfolio-009.jpg","pending"
"portfolio-pet-session-010-webp","https://photo.goldenyearsphoto.com/portfolio/pet/session-010.webp","portfolio/pet/session-010.webp","https://2026readdy.goldennextai.com/24-portfolio-pet-taipei-need-15/taipei-pet-portrait-photography-portfolio-010.jpg","pending"
"portfolio-pet-session-011-webp","https://photo.goldenyearsphoto.com/portfolio/pet/session-011.webp","portfolio/pet/session-011.webp","https://2026readdy.goldennextai.com/24-portfolio-pet-taipei-need-15/taipei-pet-portrait-photography-portfolio-011.jpg","pending"
"portfolio-pet-session-012-webp","https://photo.goldenyearsphoto.com/portfolio/pet/session-012.webp","portfolio/pet/session-012.webp","https://2026readdy.goldennextai.com/24-portfolio-pet-taipei-need-15/taipei-pet-portrait-photography-portfolio-012.jpg","pending"
"portfolio-pet-session-013-webp","https://photo.goldenyearsphoto.com/portfolio/pet/session-013.webp","portfolio/pet/session-013.webp","https://2026readdy.goldennextai.com/24-portfolio-pet-taipei-need-15/taipei-pet-portrait-photography-portfolio-013.jpg","pending"
"portfolio-pet-session-014-webp","https://photo.goldenyearsphoto.com/portfolio/pet/session-014.webp","portfolio/pet/session-014.webp","https://2026readdy.goldennextai.com/24-portfolio-pet-taipei-need-15/taipei-pet-portrait-photography-portfolio-014.jpg","pending"
"portfolio-pet-session-015-webp","https://photo.goldenyearsphoto.com/portfolio/pet/session-015.webp","portfolio/pet/session-015.webp","https://2026readdy.goldennextai.com/24-portfolio-pet-taipei-need-15/taipei-pet-portrait-photography-portfolio-015.jpg","pending"
"portfolio-resume-shot-001-webp","https://photo.goldenyearsphoto.com/portfolio/resume/shot-001.webp","portfolio/resume/shot-001.webp","https://2026readdy.goldennextai.com/15-portfolio-resume-headshot-taipei-need-15/taipei-resume-headshot-portfolio-job-hunting-001.jpg","pending"
"portfolio-resume-shot-008-webp","https://photo.goldenyearsphoto.com/portfolio/resume/shot-008.webp","portfolio/resume/shot-008.webp","https://2026readdy.goldennextai.com/15-portfolio-resume-headshot-taipei-need-15/taipei-resume-headshot-portfolio-job-hunting-008.jpg","pending"
"portfolio-resume-shot-010-webp","https://photo.goldenyearsphoto.com/portfolio/resume/shot-010.webp","portfolio/resume/shot-010.webp","https://2026readdy.goldennextai.com/15-portfolio-resume-headshot-taipei-need-15/taipei-resume-headshot-portfolio-job-hunting-010.jpg","pending"
"portfolio-resume-shot-011-webp","https://photo.goldenyearsphoto.com/portfolio/resume/shot-011.webp","portfolio/resume/shot-011.webp","https://2026readdy.goldennextai.com/15-portfolio-resume-headshot-taipei-need-15/taipei-resume-headshot-portfolio-job-hunting-011.jpg","pending"
"portfolio-resume-shot-012-webp","https://photo.goldenyearsphoto.com/portfolio/resume/shot-012.webp","portfolio/resume/shot-012.webp","https://2026readdy.goldennextai.com/15-portfolio-resume-headshot-taipei-need-15/taipei-resume-headshot-portfolio-job-hunting-012.jpg","pending"
"portfolio-resume-shot-013-webp","https://photo.goldenyearsphoto.com/portfolio/resume/shot-013.webp","portfolio/resume/shot-013.webp","https://2026readdy.goldennextai.com/15-portfolio-resume-headshot-taipei-need-15/taipei-resume-headshot-portfolio-job-hunting-013.jpg","pending"
"portfolio-resume-shot-014-webp","https://photo.goldenyearsphoto.com/portfolio/resume/shot-014.webp","portfolio/resume/shot-014.webp","https://2026readdy.goldennextai.com/15-portfolio-resume-headshot-taipei-need-15/taipei-resume-headshot-portfolio-job-hunting-014.jpg","pending"
"portfolio-resume-shot-015-webp","https://photo.goldenyearsphoto.com/portfolio/resume/shot-015.webp","portfolio/resume/shot-015.webp","https://2026readdy.goldennextai.com/15-portfolio-resume-headshot-taipei-need-15/taipei-resume-headshot-portfolio-job-hunting-015.jpg","pending"
"pricing-hero-main-webp","https://photo.goldenyearsphoto.com/pricing/hero/main.webp","pricing/hero/main.webp","https://2026readdy.goldennextai.com/08-pricing-page-hero-need-1/taipei-headshot-pricing-page-hero-001.jpg","pending"
"pricing-id-photo-passport-001-webp","https://photo.goldenyearsphoto.com/pricing/id-photo/passport-001.webp","pricing/id-photo/passport-001.webp","https://2026readdy.goldennextai.com/10-pricing-id-photo-categories-need-2/taipei-id-photo-pricing-korean-passport-001.jpg","pending"
"pricing-id-photo-passport-002-webp","https://photo.goldenyearsphoto.com/pricing/id-photo/passport-002.webp","pricing/id-photo/passport-002.webp","https://2026readdy.goldennextai.com/10-pricing-id-photo-categories-need-2/taipei-id-photo-pricing-korean-passport-002.jpg","pending"
"pricing-makeup-id-sample","https://photo.goldenyearsphoto.com/pricing/makeup/id-photo-sample.webp","pricing/makeup/id-photo-sample.webp","https://res.cloudinary.com/dsykkdyxz/image/upload/q_auto/f_auto/v1779245400/%E8%AD%89%E4%BB%B6%E7%85%A7%E7%AF%84%E4%BE%8B_u1obvg.jpg","pending"
"pricing-makeup-package-003-webp","https://photo.goldenyearsphoto.com/pricing/makeup/package-003.webp","pricing/makeup/package-003.webp","https://2026readdy.goldennextai.com/photo-inbox/11-pricing-makeup-packages-need-5/taipei-studio-makeup-hair-pricing-packages-003.jpg","pending"
"pricing-makeup-package-004-webp","https://photo.goldenyearsphoto.com/pricing/makeup/package-004.webp","pricing/makeup/package-004.webp","https://2026readdy.goldennextai.com/11-pricing-makeup-packages-need-5/taipei-studio-makeup-hair-pricing-packages-004.jpg","pending"
"pricing-makeup-package-005-webp","https://photo.goldenyearsphoto.com/pricing/makeup/package-005.webp","pricing/makeup/package-005.webp","https://2026readdy.goldennextai.com/11-pricing-makeup-packages-need-5/taipei-studio-makeup-hair-pricing-packages-005.jpg","pending"
"pricing-portrait-category-001-webp","https://photo.goldenyearsphoto.com/pricing/portrait/category-001.webp","pricing/portrait/category-001.webp","https://2026readdy.goldennextai.com/09-pricing-photography-categories-need-10/goldenyears-taipei-portrait-pricing-categories-001.jpg","pending"
"pricing-portrait-category-002-webp","https://photo.goldenyearsphoto.com/pricing/portrait/category-002.webp","pricing/portrait/category-002.webp","https://2026readdy.goldennextai.com/09-pricing-photography-categories-need-10/goldenyears-taipei-portrait-pricing-categories-002.jpg","pending"
"pricing-portrait-category-004-webp","https://photo.goldenyearsphoto.com/pricing/portrait/category-004.webp","pricing/portrait/category-004.webp","https://2026readdy.goldennextai.com/09-pricing-photography-categories-need-10/goldenyears-taipei-portrait-pricing-categories-004.jpg","pending"
"pricing-portrait-category-005-webp","https://photo.goldenyearsphoto.com/pricing/portrait/category-005.webp","pricing/portrait/category-005.webp","https://2026readdy.goldennextai.com/photo-inbox/09-pricing-photography-categories-need-10/goldenyears-taipei-portrait-pricing-categories-005.jpg","pending"
"pricing-portrait-category-010-webp","https://photo.goldenyearsphoto.com/pricing/portrait/category-010.webp","pricing/portrait/category-010.webp","https://2026readdy.goldennextai.com/09-pricing-photography-categories-need-10/goldenyears-taipei-portrait-pricing-categories-010.jpg","pending"
"studio-interior-space-001-webp","https://photo.goldenyearsphoto.com/studio/interior/space-001.webp","studio/interior/space-001.webp","https://2026readdy.goldennextai.com/studio-interior-bts/goldenyears-taipei-studio-interior-space-001.jpg","pending"
"team-member-001-webp","https://photo.goldenyearsphoto.com/team/member-001.webp","team/member-001.webp","https://2026readdy.goldennextai.com/07-about-team-headshots-need-11/goldenyears-taipei-photography-team-headshots-001.jpg","pending"
"team-member-002-webp","https://photo.goldenyearsphoto.com/team/member-002.webp","team/member-002.webp","https://2026readdy.goldennextai.com/07-about-team-headshots-need-11/goldenyears-taipei-photography-team-headshots-002.jpg","pending"
"team-member-003-webp","https://photo.goldenyearsphoto.com/team/member-003.webp","team/member-003.webp","https://2026readdy.goldennextai.com/07-about-team-headshots-need-11/goldenyears-taipei-photography-team-headshots-003.jpg","pending"
"team-member-004-webp","https://photo.goldenyearsphoto.com/team/member-004.webp","team/member-004.webp","https://2026readdy.goldennextai.com/07-about-team-headshots-need-11/goldenyears-taipei-photography-team-headshots-004.jpg","pending"
"team-member-005-webp","https://photo.goldenyearsphoto.com/team/member-005.webp","team/member-005.webp","https://2026readdy.goldennextai.com/07-about-team-headshots-need-11/goldenyears-taipei-photography-team-headshots-005.jpg","pending"
"team-member-006-webp","https://photo.goldenyearsphoto.com/team/member-006.webp","team/member-006.webp","https://2026readdy.goldennextai.com/07-about-team-headshots-need-11/goldenyears-taipei-photography-team-headshots-006.jpg","pending"
"team-member-007-webp","https://photo.goldenyearsphoto.com/team/member-007.webp","team/member-007.webp","https://2026readdy.goldennextai.com/07-about-team-headshots-need-11/goldenyears-taipei-photography-team-headshots-007.jpg","pending"
"team-member-008-webp","https://photo.goldenyearsphoto.com/team/member-008.webp","team/member-008.webp","https://2026readdy.goldennextai.com/07-about-team-headshots-need-11/goldenyears-taipei-photography-team-headshots-008.jpg","pending"
"team-member-009-webp","https://photo.goldenyearsphoto.com/team/member-009.webp","team/member-009.webp","https://2026readdy.goldennextai.com/07-about-team-headshots-need-11/goldenyears-taipei-photography-team-headshots-009.jpg","pending"
"team-member-010-webp","https://photo.goldenyearsphoto.com/team/member-010.webp","team/member-010.webp","https://2026readdy.goldennextai.com/07-about-team-headshots-need-11/goldenyears-taipei-photography-team-headshots-010.jpg","pending"
"team-member-011-webp","https://photo.goldenyearsphoto.com/team/member-011.webp","team/member-011.webp","https://2026readdy.goldennextai.com/photo-inbox/07-about-team-headshots-need-11/goldenyears-taipei-photography-team-headshots-011.jpg","pending"
"tools-id-photo-crop-hero-webp","https://photo.goldenyearsphoto.com/tools/id-photo-crop/hero.webp","tools/id-photo-crop/hero.webp","https://2026readdy.goldennextai.com/35-id-photo-crop-hero-need-1/taipei-id-photo-cropping-tool-hero-001.jpg","pending"
